{
  "project_info": {
    "project_number": "951862287439",
    "project_id": "balance-347416",
    "storage_bucket": "balance-347416.appspot.com"
  },
  "client": [
    {
      "client_info": {
        "mobilesdk_app_id": "1:951862287439:android:00983de9475f3da0e91e3a",
        "android_client_info": {
          "package_name": "Project.Balance"
        }
      },
      "oauth_client": [
        {
          "client_id": "951862287439-03geetanhu5at7mfjh0oon3uhpsjuuat.apps.googleusercontent.com",
          "client_type": 3
        }
      ],
      "api_key": [
        {
          "current_key": "AIzaSyAB7oHDzHvmIabGcN_QGS4lBj1s2vHkgIc"
        }
      ],
      "services": {
        "appinvite_service": {
          "other_platform_oauth_client": [
            {
              "client_id": "951862287439-03geetanhu5at7mfjh0oon3uhpsjuuat.apps.googleusercontent.com",
              "client_type": 3
            },
            {
              "client_id": "951862287439-t28blncpoobemac9pdjt2tb8b6v5eetr.apps.googleusercontent.com",
              "client_type": 2,
              "ios_info": {
                "bundle_id": "Project.Balance"
              }
            }
          ]
        }
      }
    }
  ],
  "configuration_version": "1"
}